scenario,w_acc,w_rob,is_base,rank1,rank2,rank3,ResNet50_Scratch,ResNet50_ImageNet,EfficientNet-B0,MobileViT-XS,ViT-S/16_Scratch,SimCLR__ResNet50,MAE__ViT-S/16
A_High,0.6,0.4,False,ResNet50 (Scratch),SimCLR + ResNet50,ResNet50 (ImageNet),92.18,90.33,80.89,85.44,87.93,91.87,89.05
A_High,0.7,0.3,True,SimCLR + ResNet50,ResNet50 (Scratch),ResNet50 (ImageNet),91.59,91.5,84.37,87.61,86.29,92.7,87.62
A_High,0.8,0.2,False,SimCLR + ResNet50,ResNet50 (ImageNet),ResNet50 (Scratch),90.99,92.67,87.85,89.77,84.66,93.53,86.18
B_Mid,0.4,0.6,False,ResNet50 (Scratch),ViT-S/16 (Scratch),SimCLR + ResNet50,88.29,85.12,70.9,77.88,87.47,86.8,85.65
B_Mid,0.5,0.5,True,SimCLR + ResNet50,ResNet50 (Scratch),ResNet50 (ImageNet),86.43,85.57,73.61,79.23,84.91,86.78,82.64
B_Mid,0.6,0.4,False,SimCLR + ResNet50,ResNet50 (ImageNet),ResNet50 (Scratch),84.56,86.01,76.33,80.58,82.35,86.77,79.63
C_Low,0.2,0.8,False,ResNet50 (Scratch),ViT-S/16 (Scratch),MAE + ViT-S/16,91.94,83.63,64.62,74.67,91.61,86.35,90.29
C_Low,0.3,0.7,True,ResNet50 (Scratch),ViT-S/16 (Scratch),MAE + ViT-S/16,90.04,83.78,66.92,75.77,88.56,86.09,86.59
C_Low,0.4,0.6,False,ResNet50 (Scratch),SimCLR + ResNet50,ViT-S/16 (Scratch),88.13,83.92,69.22,76.88,85.51,85.84,82.89
