model,subset,n_seeds,f1_6class_mean,f1_6class_std,f1_5class_mean,f1_5class_std,delta
resnet50_pretrained,10pct,3,0.8481454877297311,0.00922171578234723,0.821079648353131,0.011465898596295234,-0.02706583937660012
resnet50_pretrained,20pct,3,0.8778429341221631,0.009598463562795369,0.8549953361616817,0.011839308952185186,-0.022847597960481414
resnet50_pretrained,100pct,3,0.9496857073764211,0.011546453747339832,0.94035875114314,0.013590520042529372,-0.009326956233281058
resnet50_scratch,10pct,3,0.7671236231987651,0.005951136038369827,0.7312795396450705,0.00637063002401052,-0.03584408355369462
resnet50_scratch,20pct,3,0.7714234809388302,0.0653750923751772,0.7411525234128881,0.06828979207012174,-0.03027095752594211
resnet50_scratch,100pct,3,0.8979288965047799,0.002856910657871959,0.8796814316115142,0.0034933250433103443,-0.018247464893265675
efficientnet_b0,10pct,3,0.8302728499873413,0.003179603654733537,0.8013454375486523,0.003353045377141336,-0.028927412438689015
efficientnet_b0,20pct,3,0.8721590595288449,0.005379202240280354,0.8494029906553254,0.006448983311759577,-0.02275606887351944
efficientnet_b0,100pct,3,0.9483585489513086,0.004694104691008763,0.9388750620890276,0.005163040125298997,-0.009483486862280954
mobilevit_xs,10pct,3,0.83478959714712,0.004361722433080238,0.8040190425257733,0.0051375729293397475,-0.030770554621346702
mobilevit_xs,20pct,3,0.8595845508316629,0.00792259845853542,0.8339902086813419,0.009128392383294185,-0.02559434215032097
mobilevit_xs,100pct,3,0.9408366048600912,0.004401803272803421,0.9295300208155335,0.0050596441766693825,-0.011306584044557755
vit_s16_scratch,10pct,3,0.6721191725914695,0.0002065494064640692,0.6403393210095604,0.0027949332436486706,-0.0317798515819091
vit_s16_scratch,20pct,3,0.7210656619013819,0.01197854526552462,0.68124940072485,0.014664687733857928,-0.03981626117653192
vit_s16_scratch,100pct,3,0.8144306598576617,0.004115833100045408,0.7853650418953079,0.004124879225914492,-0.02906561796235385
simclr_resnet50,10pct,3,0.8431957122682011,0.0046300399579669175,0.8162658361387839,0.005727412926471667,-0.02692987612941722
simclr_resnet50,20pct,3,0.8668454481723766,0.004504656887524488,0.8429185517336742,0.004987239446619336,-0.023926896438702383
simclr_resnet50,100pct,3,0.9517382461669319,0.0018866117843198919,0.9428731736576488,0.002146555002270906,-0.008865072509283145
mae_vits16,10pct,3,0.6067884981018619,0.043643566973605975,0.5717306300956387,0.038450421682757356,-0.035057868006223125
mae_vits16,20pct,3,0.6756876007227364,0.02207730093259592,0.637587313678049,0.02009947261442929,-0.038100287044687375
mae_vits16,100pct,3,0.8333945718090084,0.015249911039538894,0.807558769941331,0.017177626405068574,-0.02583580186767742
