model,scenario,drs_original,drs_worst_case,drs_mean_corrupted
efficientnet_b0,A,84.368,68.76693399723843,83.43888373489202
efficientnet_b0,B,73.61333333333334,47.61155666206403,72.06480622482002
efficientnet_b0,C,66.91866666666667,30.51617932688964,64.75072871474802
mae_vits16,A,87.616,81.99590712538382,82.73281312565672
mae_vits16,B,82.64333333333335,73.27651187563973,74.50468854276122
mae_vits16,C,86.59066666666665,73.47711662589559,75.19656395986568
mobilevit_xs,A,87.60799999999999,75.06573697590252,86.32211519124974
mobilevit_xs,B,79.22999999999999,58.326228293170885,77.08685865208291
mobilevit_xs,C,75.77199999999999,46.506719610439234,72.77160211291607
resnet50_pretrained,A,91.50099999999999,77.22480069340192,90.24298684948374
resnet50_pretrained,B,85.56833333333333,61.77466782233654,83.47164474913959
resnet50_pretrained,C,83.77566666666667,50.46453495127116,80.84030264879542
resnet50_scratch,A,91.586,83.06609395804705,88.65360617136413
resnet50_scratch,B,86.42666666666668,72.22682326341177,81.53934361894024
resnet50_scratch,C,90.03733333333334,70.15755256877648,83.19508106651632
simclr_resnet50,A,92.699,78.08750762489585,91.44155845425212
simclr_resnet50,B,86.78166666666667,62.42917937482643,84.68593075708688
simclr_resnet50,C,86.09433333333334,52.000851124757,83.16030305992162
vit_s16_scratch,A,86.29400000000001,80.3346136020783,80.85440134765858
vit_s16_scratch,B,84.90666666666667,74.97435600346384,75.84066891276429
vit_s16_scratch,C,88.55933333333333,74.65409840484938,75.86693647787
