model,scenario,drs_base,drs_with_calibration,drs_with_transfer
efficientnet_b0,A,84.368,85.7664,83.7664
efficientnet_b0,B,73.61333333333334,75.944,72.61066666666667
efficientnet_b0,C,66.91866666666667,70.1816,65.51493333333333
mae_vits16,A,87.616,83.7548,87.7548
mae_vits16,B,82.64333333333335,76.20800000000001,82.87466666666668
mae_vits16,C,86.59066666666665,77.5812,86.91453333333332
mobilevit_xs,A,87.60799999999999,83.26039999999999,83.26039999999999
mobilevit_xs,B,79.22999999999999,71.984,71.984
mobilevit_xs,C,75.77199999999999,65.62759999999999,65.62759999999999
resnet50_pretrained,A,91.50099999999999,89.5008,88.5008
resnet50_pretrained,B,85.56833333333333,82.23466666666667,80.568
resnet50_pretrained,C,83.77566666666667,79.10853333333333,76.7752
resnet50_scratch,A,91.586,91.8408,89.8408
resnet50_scratch,B,86.42666666666668,86.85133333333334,83.51800000000001
resnet50_scratch,C,90.03733333333334,90.63186666666667,85.9652
simclr_resnet50,A,92.699,88.4872,88.4872
simclr_resnet50,B,86.78166666666667,79.76200000000001,79.76200000000001
simclr_resnet50,C,86.09433333333334,76.26679999999999,76.26679999999999
vit_s16_scratch,A,86.29400000000001,84.4312,85.4312
vit_s16_scratch,B,84.90666666666667,81.802,83.46866666666666
vit_s16_scratch,C,88.55933333333333,84.21279999999999,86.54613333333333
