model,model_label,corruption_type,severity_level,severity_value,macro_f1
resnet50_pretrained,ResNet50 (ImageNet),gaussian_noise,1,0.01,0.9302
resnet50_pretrained,ResNet50 (ImageNet),gaussian_noise,2,0.03,0.9247
resnet50_pretrained,ResNet50 (ImageNet),gaussian_noise,3,0.05,0.911
resnet50_pretrained,ResNet50 (ImageNet),gaussian_noise,4,0.08,0.8355
resnet50_pretrained,ResNet50 (ImageNet),gaussian_noise,5,0.1,0.7719
resnet50_pretrained,ResNet50 (ImageNet),gaussian_blur,1,0.5,0.8739
resnet50_pretrained,ResNet50 (ImageNet),gaussian_blur,2,1.0,0.5174
resnet50_pretrained,ResNet50 (ImageNet),gaussian_blur,3,1.5,0.4152
resnet50_pretrained,ResNet50 (ImageNet),gaussian_blur,4,2.0,0.3526
resnet50_pretrained,ResNet50 (ImageNet),gaussian_blur,5,2.5,0.2903
resnet50_scratch,ResNet50 (Scratch),gaussian_noise,1,0.01,0.8952
resnet50_scratch,ResNet50 (Scratch),gaussian_noise,2,0.03,0.8973
resnet50_scratch,ResNet50 (Scratch),gaussian_noise,3,0.05,0.8967
resnet50_scratch,ResNet50 (Scratch),gaussian_noise,4,0.08,0.8936
resnet50_scratch,ResNet50 (Scratch),gaussian_noise,5,0.1,0.892
resnet50_scratch,ResNet50 (Scratch),gaussian_blur,1,0.5,0.8926
resnet50_scratch,ResNet50 (Scratch),gaussian_blur,2,1.0,0.8727
resnet50_scratch,ResNet50 (Scratch),gaussian_blur,3,1.5,0.812
resnet50_scratch,ResNet50 (Scratch),gaussian_blur,4,2.0,0.7255
resnet50_scratch,ResNet50 (Scratch),gaussian_blur,5,2.5,0.6282
efficientnet_b0,EfficientNet-B0,gaussian_noise,1,0.01,0.9495
efficientnet_b0,EfficientNet-B0,gaussian_noise,2,0.03,0.8532
efficientnet_b0,EfficientNet-B0,gaussian_noise,3,0.05,0.6537
efficientnet_b0,EfficientNet-B0,gaussian_noise,4,0.08,0.1214
efficientnet_b0,EfficientNet-B0,gaussian_noise,5,0.1,0.0654
efficientnet_b0,EfficientNet-B0,gaussian_blur,1,0.5,0.9316
efficientnet_b0,EfficientNet-B0,gaussian_blur,2,1.0,0.6728
efficientnet_b0,EfficientNet-B0,gaussian_blur,3,1.5,0.4535
efficientnet_b0,EfficientNet-B0,gaussian_blur,4,2.0,0.39
efficientnet_b0,EfficientNet-B0,gaussian_blur,5,2.5,0.4147
mobilevit_xs,MobileViT-XS,gaussian_noise,1,0.01,0.9317
mobilevit_xs,MobileViT-XS,gaussian_noise,2,0.03,0.9068
mobilevit_xs,MobileViT-XS,gaussian_noise,3,0.05,0.8492
mobilevit_xs,MobileViT-XS,gaussian_noise,4,0.08,0.7275
mobilevit_xs,MobileViT-XS,gaussian_noise,5,0.1,0.6367
mobilevit_xs,MobileViT-XS,gaussian_blur,1,0.5,0.8976
mobilevit_xs,MobileViT-XS,gaussian_blur,2,1.0,0.4157
mobilevit_xs,MobileViT-XS,gaussian_blur,3,1.5,0.3498
mobilevit_xs,MobileViT-XS,gaussian_blur,4,2.0,0.3387
mobilevit_xs,MobileViT-XS,gaussian_blur,5,2.5,0.3287
simclr_resnet50,SimCLR + ResNet50,gaussian_noise,1,0.01,0.9501
simclr_resnet50,SimCLR + ResNet50,gaussian_noise,2,0.03,0.9522
simclr_resnet50,SimCLR + ResNet50,gaussian_noise,3,0.05,0.9477
simclr_resnet50,SimCLR + ResNet50,gaussian_noise,4,0.08,0.9369
simclr_resnet50,SimCLR + ResNet50,gaussian_noise,5,0.1,0.9163
simclr_resnet50,SimCLR + ResNet50,gaussian_blur,1,0.5,0.9322
simclr_resnet50,SimCLR + ResNet50,gaussian_blur,2,1.0,0.5912
simclr_resnet50,SimCLR + ResNet50,gaussian_blur,3,1.5,0.4332
simclr_resnet50,SimCLR + ResNet50,gaussian_blur,4,2.0,0.3767
simclr_resnet50,SimCLR + ResNet50,gaussian_blur,5,2.5,0.3442
mae_vits16,MAE + ViT-S/16,gaussian_noise,1,0.01,0.8128
mae_vits16,MAE + ViT-S/16,gaussian_noise,2,0.03,0.8109
mae_vits16,MAE + ViT-S/16,gaussian_noise,3,0.05,0.8139
mae_vits16,MAE + ViT-S/16,gaussian_noise,4,0.08,0.8129
mae_vits16,MAE + ViT-S/16,gaussian_noise,5,0.1,0.8101
mae_vits16,MAE + ViT-S/16,gaussian_blur,1,0.5,0.8117
mae_vits16,MAE + ViT-S/16,gaussian_blur,2,1.0,0.8095
mae_vits16,MAE + ViT-S/16,gaussian_blur,3,1.5,0.7979
mae_vits16,MAE + ViT-S/16,gaussian_blur,4,2.0,0.7557
mae_vits16,MAE + ViT-S/16,gaussian_blur,5,2.5,0.687
vit_s16_scratch,ViT-S/16 (Scratch),gaussian_noise,1,0.01,0.8096
vit_s16_scratch,ViT-S/16 (Scratch),gaussian_noise,2,0.03,0.8099
vit_s16_scratch,ViT-S/16 (Scratch),gaussian_noise,3,0.05,0.8107
vit_s16_scratch,ViT-S/16 (Scratch),gaussian_noise,4,0.08,0.8092
vit_s16_scratch,ViT-S/16 (Scratch),gaussian_noise,5,0.1,0.8084
vit_s16_scratch,ViT-S/16 (Scratch),gaussian_blur,1,0.5,0.8109
vit_s16_scratch,ViT-S/16 (Scratch),gaussian_blur,2,1.0,0.8077
vit_s16_scratch,ViT-S/16 (Scratch),gaussian_blur,3,1.5,0.8051
vit_s16_scratch,ViT-S/16 (Scratch),gaussian_blur,4,2.0,0.7653
vit_s16_scratch,ViT-S/16 (Scratch),gaussian_blur,5,2.5,0.6947
