Comparison,F1_A,F1_B,Diff,CI_lo,CI_hi
MAE vs ResNet50-IN @ 10pct,0.6248,0.8503,-0.2255,-0.2421,-0.2086
SimCLR vs ResNet50-IN @ 10pct,0.8495,0.8503,-0.0009,-0.0127,0.0105
MAE vs ResNet50-Scratch @ 10pct,0.6248,0.7685,-0.1437,-0.1601,-0.1265
MobileViT vs ResNet50-IN @ 10pct,0.8353,0.8503,-0.015,-0.0269,-0.0033
MAE vs ViT-S16-Scratch @ 10pct,0.6248,0.6723,-0.0475,-0.0612,-0.0338
MAE vs ResNet50-IN @ 20pct,0.6972,0.8869,-0.1897,-0.2047,-0.1737
SimCLR vs ResNet50-IN @ 20pct,0.8628,0.8869,-0.0241,-0.0346,-0.0141
MAE vs ResNet50-Scratch @ 20pct,0.6972,0.8187,-0.1215,-0.136,-0.1059
MobileViT vs ResNet50-IN @ 20pct,0.8584,0.8869,-0.0285,-0.0385,-0.0179
MAE vs ViT-S16-Scratch @ 20pct,0.6972,0.7324,-0.0352,-0.048,-0.0218
MAE vs ResNet50-IN @ 100pct,0.8129,0.9337,-0.1208,-0.1351,-0.1074
SimCLR vs ResNet50-IN @ 100pct,0.9501,0.9337,0.0164,0.0082,0.0247
MAE vs ResNet50-Scratch @ 100pct,0.8129,0.8961,-0.0832,-0.0954,-0.0705
MobileViT vs ResNet50-IN @ 100pct,0.9383,0.9337,0.0046,-0.0039,0.0131
MAE vs ViT-S16-Scratch @ 100pct,0.8129,0.8088,0.0041,-0.0069,0.0152
