model_key,model,budget,seed,test_macro_f1,test_accuracy,test_auc_ovr_macro,test_ece,best_epoch,best_val_macro_f1
resnet50_scratch,ResNet50 (Scratch),10pct,42,0.7678243079933714,0.7765425236242357,0.9648335365247119,0.05409872618034325,50,0.7780909364225957
resnet50_scratch,ResNet50 (Scratch),10pct,123,0.7740366003479733,0.7765425236242357,0.9642585985265396,0.04780840701431354,43,0.7900883103238349
resnet50_scratch,ResNet50 (Scratch),10pct,456,0.7595099612549508,0.7659811006114509,0.9629855788404739,0.06423673688073236,46,0.791228435761571
resnet50_scratch,ResNet50 (Scratch),20pct,42,0.8187095112681168,0.8224013340744858,0.9747011559757086,0.05454846605318927,49,0.8228172175512496
resnet50_scratch,ResNet50 (Scratch),20pct,123,0.8165836456161664,0.8215675375208449,0.9748280636570124,0.04277448245987353,49,0.8219705108546386
resnet50_scratch,ResNet50 (Scratch),20pct,456,0.6789772859322074,0.6845469705391884,0.9339573919991606,0.03693980651142995,6,0.6900800792937419
resnet50_scratch,ResNet50 (Scratch),100pct,42,0.8960531146467949,0.8971650917176209,0.9885635856900266,0.024026884510491925,46,0.9050675064820716
resnet50_scratch,ResNet50 (Scratch),100pct,123,0.8957677570085371,0.896609227348527,0.9883690609465096,0.020597516198235133,50,0.906526077979345
resnet50_scratch,ResNet50 (Scratch),100pct,456,0.9019658178590078,0.9030016675931073,0.9885827738676035,0.01852238874027239,47,0.9008184765951023
resnet50_pretrained,ResNet50 (ImageNet),10pct,42,0.8503752284596492,0.8496386881600889,0.9758816254077209,0.08902345649927042,28,0.8605725237588544
resnet50_pretrained,ResNet50 (ImageNet),10pct,123,0.8581585666441135,0.8588104502501389,0.9755100043947468,0.08851861874218318,38,0.8677269252994
resnet50_pretrained,ResNet50 (ImageNet),10pct,456,0.8359026680854306,0.8382434685936632,0.9751124783630591,0.08663375540664953,13,0.8480116614287158
resnet50_pretrained,ResNet50 (ImageNet),20pct,42,0.8872253162895763,0.8877153974430239,0.9829865499974282,0.06750264361277097,48,0.8994346853014868
resnet50_pretrained,ResNet50 (ImageNet),20pct,123,0.8646562187581122,0.8665925514174542,0.9799679108326264,0.060865519906892686,10,0.8764540712826238
resnet50_pretrained,ResNet50 (ImageNet),20pct,456,0.8816472673188008,0.8835464146748193,0.9820006357961445,0.06912016007156754,25,0.8981646506054076
resnet50_pretrained,ResNet50 (ImageNet),100pct,42,0.9334096717198087,0.933852140077821,0.993420703444558,0.027036233237215136,17,0.9379398824990298
resnet50_pretrained,ResNet50 (ImageNet),100pct,123,0.9566840372265085,0.9571984435797666,0.9958429083164096,0.024872419899075876,46,0.9617896494280123
resnet50_pretrained,ResNet50 (ImageNet),100pct,456,0.9589634131829463,0.9594219010561423,0.9964231783101877,0.024172093220191773,45,0.9635768444083753
efficientnet_b0,EfficientNet-B0,10pct,42,0.8268113525745009,0.8285158421345192,0.9719129081027321,0.09681824646505002,38,0.8374574950996965
efficientnet_b0,EfficientNet-B0,10pct,123,0.8295179708359625,0.830739299610895,0.9736546740644598,0.09145292035071567,28,0.8316802715675228
efficientnet_b0,EfficientNet-B0,10pct,456,0.8344892265515605,0.8371317398554753,0.9720558052822176,0.08838650595817119,33,0.829656544027625
efficientnet_b0,EfficientNet-B0,20pct,42,0.8773625959803467,0.8785436353529739,0.9813250552480304,0.0665338843845539,36,0.8747694095995423
efficientnet_b0,EfficientNet-B0,20pct,123,0.8647514478379804,0.8663146192329072,0.9809018367447359,0.07832761364820731,47,0.8693926146173303
efficientnet_b0,EfficientNet-B0,20pct,456,0.8743631347682075,0.8752084491384102,0.9798016222410765,0.0702059005219914,32,0.862410888968645
efficientnet_b0,EfficientNet-B0,100pct,42,0.9528966669818404,0.953307392996109,0.9964525488856301,0.02587089941460533,39,0.9661583838299644
efficientnet_b0,EfficientNet-B0,100pct,123,0.9418935345226777,0.9419121734296831,0.9953204562948986,0.026870668166342402,19,0.9532472477819467
efficientnet_b0,EfficientNet-B0,100pct,456,0.9502854453494077,0.9505280711506392,0.9963395931203124,0.027486515946359088,35,0.9517261864297945
mobilevit_xs,MobileViT-XS,10pct,42,0.8333115983922227,0.8349082823790995,0.9730959720536186,0.09138099454123819,37,0.8483201995930244
mobilevit_xs,MobileViT-XS,10pct,123,0.8303422130413268,0.8340744858254586,0.9743387107759631,0.06608543374791553,19,0.8526620880693733
mobilevit_xs,MobileViT-XS,10pct,456,0.8407149800078106,0.8435241801000556,0.9743023638104996,0.08454607485929687,29,0.8537455236768158
mobilevit_xs,MobileViT-XS,20pct,42,0.8584408777181904,0.8590883824346859,0.9808811903034027,0.017873970782379116,9,0.8584034038216978
mobilevit_xs,MobileViT-XS,20pct,123,0.8698088667776503,0.8713173985547527,0.9809031584293098,0.0778024195299472,43,0.8893454222813976
mobilevit_xs,MobileViT-XS,20pct,456,0.8505039079991477,0.8529738743746526,0.9802110756440152,0.027700529156823268,10,0.8652736600541985
mobilevit_xs,MobileViT-XS,100pct,42,0.9385855891193374,0.9388549193996665,0.9951240448562492,0.03118594531684268,34,0.945427230434614
mobilevit_xs,MobileViT-XS,100pct,123,0.936935831383403,0.9371873262923847,0.9940953381936523,0.02570004168982768,29,0.938524929048503
mobilevit_xs,MobileViT-XS,100pct,456,0.946988394077533,0.9471928849360756,0.9948019910032899,0.0283955631818024,40,0.9415737918375834
vit_s16_scratch,ViT-S/16 (Scratch),10pct,42,0.6723127397849482,0.6789883268482491,0.9221777338624222,0.022644755441391034,34,0.6703474727528507
vit_s16_scratch,ViT-S/16 (Scratch),10pct,123,0.6718329350631991,0.6812117843246248,0.9275063784256427,0.048681966326778764,44,0.6672553598621955
vit_s16_scratch,ViT-S/16 (Scratch),10pct,456,0.6722118429262611,0.6784324624791551,0.9274758424382686,0.030020747203307385,42,0.6874681506705832
vit_s16_scratch,ViT-S/16 (Scratch),20pct,42,0.7323496859400421,0.7412451361867705,0.9485173572160593,0.018675604285366878,46,0.7302883960238434
vit_s16_scratch,ViT-S/16 (Scratch),20pct,123,0.7263658352733953,0.7370761534185659,0.947156649257371,0.02324689660488466,47,0.7304181388829805
vit_s16_scratch,ViT-S/16 (Scratch),20pct,456,0.7044814644907079,0.7195664257921067,0.9472021607357888,0.02950294922960673,46,0.7262660986688725
vit_s16_scratch,ViT-S/16 (Scratch),100pct,42,0.808802167946222,0.811839911061701,0.9711808637168826,0.02407390770480131,46,0.8287243233645953
vit_s16_scratch,ViT-S/16 (Scratch),100pct,123,0.8185295000151772,0.8229571984435797,0.9716461406218245,0.026634466522199807,35,0.8246060080076907
vit_s16_scratch,ViT-S/16 (Scratch),100pct,456,0.815960311611586,0.820455808782657,0.9744994572115907,0.02691762350611451,50,0.8312701968612567
simclr_resnet50,SimCLR + ResNet50,10pct,42,0.8491718193889071,0.8507504168982768,0.9725693577228417,0.08669109249061975,37,0.8558418557309936
simclr_resnet50,SimCLR + ResNet50,10pct,123,0.8425250953908973,0.8440800444691495,0.9727170866942567,0.09606445041081851,44,0.8578786443191698
simclr_resnet50,SimCLR + ResNet50,10pct,456,0.8378902220247991,0.839355197331851,0.9713821369254749,0.09967037622898138,34,0.8607068029080868
simclr_resnet50,SimCLR + ResNet50,20pct,42,0.8625307820649395,0.8654808226792663,0.9811037252977974,0.062300779078654826,12,0.8748583817499296
simclr_resnet50,SimCLR + ResNet50,20pct,123,0.8649437612954368,0.8654808226792663,0.9783514506601314,0.08081407531093666,30,0.8829366867934937
simclr_resnet50,SimCLR + ResNet50,20pct,456,0.8730618011567537,0.8743746525847693,0.9792261755189968,0.07302356018100332,42,0.8921274161447279
simclr_resnet50,SimCLR + ResNet50,100pct,42,0.9506512553731666,0.9510839355197331,0.9953092371455944,0.027961769125208442,48,0.95513277336781
simclr_resnet50,SimCLR + ResNet50,100pct,123,0.9501715770446824,0.9508060033351862,0.9957007283670878,0.027621682184546966,40,0.9567728712732176
simclr_resnet50,SimCLR + ResNet50,100pct,456,0.9543919060829467,0.9549749861033908,0.9954022105142026,0.02618493021296554,46,0.964044980394481
mae_vits16,MAE + ViT-S/16,10pct,42,0.6245454313231308,0.6284046692607004,0.906922680402793,0.03938467334282935,40,0.6355561475925168
mae_vits16,MAE + ViT-S/16,10pct,123,0.5467176502299401,0.5405780989438577,0.8659652478838163,0.05153077121838519,11,0.5466741122847246
mae_vits16,MAE + ViT-S/16,10pct,456,0.6491024127525146,0.6559199555308505,0.9214297814570447,0.031036122498610326,43,0.6548511323019633
mae_vits16,MAE + ViT-S/16,20pct,42,0.6972117437270994,0.707615341856587,0.9410224783228294,0.03494976864316982,48,0.7075137946502509
mae_vits16,MAE + ViT-S/16,20pct,123,0.6453386898724518,0.6620344635908838,0.9242757519487355,0.05683156766780156,30,0.6464069301544852
mae_vits16,MAE + ViT-S/16,20pct,456,0.684512368568658,0.6959421901056142,0.9393131903583564,0.024374164032101152,35,0.7002063242202491
mae_vits16,MAE + ViT-S/16,100pct,42,0.8128579606195698,0.8176764869371873,0.9728244152002433,0.02677282192363812,46,0.8219857121367152
mae_vits16,MAE + ViT-S/16,100pct,123,0.8493659801304146,0.8518621456364647,0.9794272618667996,0.023336532448582546,94,0.8606677462172598
mae_vits16,MAE + ViT-S/16,100pct,456,0.837959774677041,0.839355197331851,0.9780167350102247,0.02844570768482488,88,0.8440362740501639
simclr_resnet50_trainonly,SimCLR + ResNet50 (train-only SSL),10pct,42,0.8309028913457559,0.8321289605336298,0.9726678731169863,0.0973169773137854,24,0.8524798526389907
simclr_resnet50_trainonly,SimCLR + ResNet50 (train-only SSL),10pct,123,0.8345177673281219,0.8354641467481935,0.9718126250743797,0.09611886974968736,24,0.8500261893553985
simclr_resnet50_trainonly,SimCLR + ResNet50 (train-only SSL),10pct,456,0.8444302879047503,0.8474152306837132,0.9747103684221797,0.07787855232073378,17,0.8567786040864999
simclr_resnet50_trainonly,SimCLR + ResNet50 (train-only SSL),20pct,42,0.8732422613991684,0.8746525847693163,0.9810206698746028,0.07009468693545026,31,0.8822633743291708
simclr_resnet50_trainonly,SimCLR + ResNet50 (train-only SSL),20pct,123,0.8566483700570063,0.8596442468037799,0.9797659483433155,0.05556458774840191,12,0.862706199120518
simclr_resnet50_trainonly,SimCLR + ResNet50 (train-only SSL),20pct,456,0.8724778458250962,0.8729849916620345,0.9787273557105459,0.0741071292862354,59,0.8917056860030762
simclr_resnet50_trainonly,SimCLR + ResNet50 (train-only SSL),100pct,42,0.9349154349181008,0.9357976653696498,0.9941883196017843,0.030051485308678433,28,0.9505136591097284
simclr_resnet50_trainonly,SimCLR + ResNet50 (train-only SSL),100pct,123,0.9461466029144315,0.9466370205669816,0.9949284268181471,0.029086118807323515,40,0.9528039199628492
simclr_resnet50_trainonly,SimCLR + ResNet50 (train-only SSL),100pct,456,0.9443814521478977,0.9449694274596998,0.9952876228760811,0.03019431910957478,42,0.9554449436864342
mae_vits16_trainonly,MAE + ViT-S/16 (train-only SSL),10pct,42,0.485150969623896,0.4763757643135075,0.8409287039650205,0.07591395990393969,10,0.4835676137925174
mae_vits16_trainonly,MAE + ViT-S/16 (train-only SSL),10pct,123,0.6316900295369092,0.651473040578099,0.9211646886450416,0.03770079514660921,50,0.6403486996946272
mae_vits16_trainonly,MAE + ViT-S/16 (train-only SSL),10pct,456,0.5907817900243779,0.5867148415786548,0.9020660097782475,0.020960334408872964,29,0.5897607340010819
mae_vits16_trainonly,MAE + ViT-S/16 (train-only SSL),20pct,42,0.7255422652558744,0.7331851028349082,0.9485554560333102,0.025400871035123687,64,0.7337196603222388
mae_vits16_trainonly,MAE + ViT-S/16 (train-only SSL),20pct,123,0.6317483305691617,0.6414674819344081,0.9129062168769964,0.06701164818128126,20,0.6272801208401563
mae_vits16_trainonly,MAE + ViT-S/16 (train-only SSL),20pct,456,0.6102186062926271,0.6197887715397443,0.9022762598976348,0.025886743449051564,17,0.6309431625092495
mae_vits16_trainonly,MAE + ViT-S/16 (train-only SSL),100pct,42,0.8173064235225852,0.8212896053362979,0.9746608194569799,0.01770277378491523,65,0.8283044190207282
mae_vits16_trainonly,MAE + ViT-S/16 (train-only SSL),100pct,123,0.847193316833843,0.8501945525291829,0.9780452971812157,0.019720021322609804,79,0.8580258133488327
mae_vits16_trainonly,MAE + ViT-S/16 (train-only SSL),100pct,456,0.8493699905223298,0.8521400778210116,0.9796421961082472,0.031112933834769332,90,0.8737604098080333
