,clean,clean,avg_drop_pct,avg_drop_pct
,mean,std,mean,std
Model,,,,
efficientnet_b0,0.9483585489513086,0.005749080646088222,39.97333333333333,2.587843374961732
mae_vits16,0.8333945718090084,0.018677250334853204,2.313333333333333,0.24131583730317702
mobilevit_xs,0.9408366048600912,0.005391085983240701,27.540000000000003,3.15034918699499
resnet50_pretrained,0.9496857073764212,0.0141414600098146,16.663333333333334,2.251895497871368
resnet50_scratch,0.8979288965047799,0.003498986676252667,4.246666666666666,1.1607038094765316
simclr_resnet50,0.9517382461669319,0.0023106181071527727,13.136666666666665,0.2983845393671289
vit_s16_scratch,0.8144306598576617,0.005040845480784358,2.2866666666666666,0.15821925715074436
