,clean,clean,gaussian_noise_low,gaussian_noise_low,gaussian_noise_medium,gaussian_noise_medium,brightness_up,brightness_up,brightness_down,brightness_down,gaussian_blur_mild,gaussian_blur_mild,gaussian_blur_strong,gaussian_blur_strong,contrast_reduction,contrast_reduction,jpeg_artifacts,jpeg_artifacts,gaussian_noise_low_drop_pct,gaussian_noise_low_drop_pct,gaussian_noise_medium_drop_pct,gaussian_noise_medium_drop_pct,brightness_up_drop_pct,brightness_up_drop_pct,brightness_down_drop_pct,brightness_down_drop_pct,gaussian_blur_mild_drop_pct,gaussian_blur_mild_drop_pct,gaussian_blur_strong_drop_pct,gaussian_blur_strong_drop_pct,contrast_reduction_drop_pct,contrast_reduction_drop_pct,jpeg_artifacts_drop_pct,jpeg_artifacts_drop_pct,avg_drop_pct,avg_drop_pct
,mean,std,mean,std,mean,std,mean,std,mean,std,mean,std,mean,std,mean,std,mean,std,mean,std,mean,std,mean,std,mean,std,mean,std,mean,std,mean,std,mean,std,mean,std
Model,,,,,,,,,,,,,,,,,,,,,,,,,,,,,,,,,,,,
efficientnet_b0,0.9483585489513086,0.005749080646088222,0.5865587978888174,0.10795228147938214,0.0802392486934663,0.018944506210281743,0.8990582402099244,0.006729445754907949,0.8731981944035163,0.022968830399049334,0.5906534377978192,0.08602876507476988,0.33897289272884384,0.05071824210931051,0.9404583060729633,0.004939608990965012,0.24604135813753544,0.10040145694986752,38.193333333333335,11.057021901639398,91.54,1.983204477606889,5.2,0.5550675634551172,7.933333333333334,1.8768679584172494,37.75333333333334,8.724427392862719,64.27,5.189248500505638,0.8333333333333334,0.17897858344878395,74.03666666666668,10.626120333091153,39.97333333333333,2.587843374961732
mae_vits16,0.8333945718090084,0.018677250334853204,0.8324729690486586,0.019111919263861743,0.8313442487083345,0.018875777168065596,0.801417343683898,0.0180556925361668,0.8021085869711131,0.009513599604419852,0.8315962044060637,0.01821025455281487,0.7894710225390198,0.016972969207696545,0.8061265350360737,0.02219913957765779,0.8180360109224273,0.02067919523849966,0.11,0.19924858845171275,0.24666666666666667,0.10016652800877811,3.8366666666666664,0.17214335111567142,3.736666666666667,1.1238030669709589,0.21333333333333335,0.1850225211517056,5.263333333333333,1.5053349571883774,3.28,0.6421059102671458,1.8433333333333335,0.6104370019365908,2.313333333333333,0.24131583730317702
mobilevit_xs,0.9408366048600912,0.005391085983240701,0.8259620464655963,0.020337401620827526,0.5277311571952719,0.09841402961397691,0.9308403136293281,0.00699472601948401,0.9289087656801036,0.005122542875021772,0.4210312831840011,0.00560692864647485,0.30656649549959775,0.0371604732548861,0.9340020191777261,0.005639475066203138,0.578594612800803,0.0786102592600561,12.206666666666665,2.2016433256395853,43.89333333333334,10.586341829609195,1.0633333333333332,0.3134219732777734,1.2699999999999998,0.12124355652982138,55.24666666666667,0.825974172316139,67.42,3.9101918111519773,0.7266666666666666,0.13503086067019396,38.48666666666667,8.517026085044789,27.540000000000003,3.15034918699499
resnet50_pretrained,0.9496857073764212,0.0141414600098146,0.9352883839252094,0.024212178185173003,0.8494880116223168,0.06899320592367644,0.9375576735520248,0.023199907678138922,0.9287934440213287,0.033760965657240447,0.559685034829084,0.03204642944333436,0.3573274932393195,0.022279019984927657,0.9412165393540954,0.01871202365790201,0.8237220332070717,0.07217148142315556,1.5266666666666666,1.0980133575386655,10.61,6.002274568861374,1.2866666666666668,1.0066942601074735,2.22,2.115750457875408,41.089999999999996,2.524658392733555,62.35666666666666,2.644699100717008,0.8933333333333332,0.5350077881053072,13.326666666666666,6.361857695149533,16.663333333333334,2.251895497871368
resnet50_scratch,0.8979288965047799,0.003498986676252667,0.8980995353553801,0.0032881091113160935,0.8920578216395411,0.0016844568416795613,0.892137303493176,0.005235046776315022,0.8853557065063997,0.005508224659089718,0.8643528105003608,0.013021447738780941,0.6733928016685605,0.06823772780686846,0.8801645118559845,0.008639948170395251,0.8925911380317194,0.0033018413054963823,-0.016666666666666666,0.10016652800877812,0.6533333333333333,0.23459184413217213,0.6466666666666666,0.4682235933112869,1.4000000000000001,0.22538855339169295,3.733333333333334,1.7958934638038342,24.99,7.8350430758228775,1.9833333333333334,0.5858611894752319,0.5933333333333334,0.36665151483845443,4.246666666666666,1.1607038094765316
simclr_resnet50,0.9517382461669319,0.0023106181071527727,0.9470416460378631,0.0019786767185219385,0.9063486736629914,0.008568741186063352,0.952136956879465,0.003955959378942719,0.9462454466224092,0.001611816998015454,0.6073821642659603,0.004924008486262221,0.3816276875079347,0.021537686008045225,0.9464251383616906,0.0019689469384663798,0.9266047088299124,0.001459056615752665,0.49333333333333335,0.056862407030773304,4.7700000000000005,0.9226050075736635,-0.043333333333333314,0.3100537587795596,0.5766666666666667,0.08504900548115384,36.18333333333333,0.48335632129241324,59.906666666666666,2.170376311456919,0.5599999999999999,0.06244997998398402,2.64,0.1552417469626002,13.136666666666665,0.2983845393671289
vit_s16_scratch,0.8144306598576617,0.005040845480784358,0.8134270546910112,0.0040723239494046375,0.8100439415291077,0.0051048704421999035,0.7823795520824918,0.008408450370945219,0.7809095487552331,0.005726926302949995,0.8113509464381886,0.0044062933156480055,0.778503201389665,0.0004167791816484821,0.7821972730471728,0.003166328966795112,0.8076740795646781,0.003019690795925575,0.12,0.12124355652982141,0.5399999999999999,0.0888819441731559,3.936666666666667,0.5991104516976256,4.116666666666666,0.36473734842120736,0.37666666666666665,0.48211340298039146,4.413333333333333,0.5450076452063158,3.956666666666667,0.2635020556529556,0.8266666666666667,0.3524674925909243,2.2866666666666666,0.15821925715074436
