model,n_train_siblings,sensitivity,n
resnet50_pretrained,0,1.0,15.0
resnet50_pretrained,1,0.9714285714285714,105.0
resnet50_pretrained,2,0.9912280701754386,228.0
resnet50_pretrained,3,1.0,187.0
resnet50_pretrained,4,1.0,23.0
resnet50_pretrained,5,1.0,16.0
resnet50_pretrained,6,1.0,8.0
resnet50_pretrained,13,1.0,6.0
resnet50_pretrained,17,1.0,20.0
resnet50_pretrained,18,1.0,4.0
resnet50_pretrained,19,1.0,9.0
resnet50_pretrained,20,1.0,5.0
resnet50_pretrained,21,1.0,7.0
resnet50_pretrained,24,1.0,2.0
resnet50_scratch,0,0.9333333333333333,15.0
resnet50_scratch,1,0.9714285714285714,105.0
resnet50_scratch,2,0.9780701754385965,228.0
resnet50_scratch,3,0.9786096256684492,187.0
resnet50_scratch,4,1.0,23.0
resnet50_scratch,5,1.0,16.0
resnet50_scratch,6,1.0,8.0
resnet50_scratch,13,1.0,6.0
resnet50_scratch,17,1.0,20.0
resnet50_scratch,18,1.0,4.0
resnet50_scratch,19,1.0,9.0
resnet50_scratch,20,1.0,5.0
resnet50_scratch,21,1.0,7.0
resnet50_scratch,24,1.0,2.0
efficientnet_b0,0,1.0,15.0
efficientnet_b0,1,1.0,105.0
efficientnet_b0,2,0.9956140350877193,228.0
efficientnet_b0,3,1.0,187.0
efficientnet_b0,4,1.0,23.0
efficientnet_b0,5,1.0,16.0
efficientnet_b0,6,1.0,8.0
efficientnet_b0,13,1.0,6.0
efficientnet_b0,17,1.0,20.0
efficientnet_b0,18,1.0,4.0
efficientnet_b0,19,1.0,9.0
efficientnet_b0,20,1.0,5.0
efficientnet_b0,21,1.0,7.0
efficientnet_b0,24,1.0,2.0
mobilevit_xs,0,1.0,15.0
mobilevit_xs,1,0.9809523809523809,105.0
mobilevit_xs,2,0.9912280701754386,228.0
mobilevit_xs,3,0.9946524064171123,187.0
mobilevit_xs,4,1.0,23.0
mobilevit_xs,5,1.0,16.0
mobilevit_xs,6,1.0,8.0
mobilevit_xs,13,1.0,6.0
mobilevit_xs,17,1.0,20.0
mobilevit_xs,18,1.0,4.0
mobilevit_xs,19,1.0,9.0
mobilevit_xs,20,1.0,5.0
mobilevit_xs,21,1.0,7.0
mobilevit_xs,24,1.0,2.0
vit_s16_scratch,0,0.9333333333333333,15.0
vit_s16_scratch,1,0.8952380952380953,105.0
vit_s16_scratch,2,0.9210526315789473,228.0
vit_s16_scratch,3,0.9144385026737968,187.0
vit_s16_scratch,4,0.9130434782608695,23.0
vit_s16_scratch,5,1.0,16.0
vit_s16_scratch,6,1.0,8.0
vit_s16_scratch,13,1.0,6.0
vit_s16_scratch,17,0.95,20.0
vit_s16_scratch,18,1.0,4.0
vit_s16_scratch,19,1.0,9.0
vit_s16_scratch,20,1.0,5.0
vit_s16_scratch,21,1.0,7.0
vit_s16_scratch,24,1.0,2.0
